{"cameraMode":{"drawMode":0,"name":"Shaded","section":"Shading Mode"},"sceneLighting":true,"audioPlay":false,"sceneViewState":{"m_AlwaysRefresh":false,"showFog":true,"showSkybox":true,"showFlares":true,"showImageEffects":true,"showParticleSystems":true,"showVisualEffectGraphs":true,"m_FxEnabled":true},"in2DMode":false,"pivot":{"x":2.3657617568969728,"y":10.412076950073243,"z":3.9906320571899416},"rotation":{"x":0.002645805012434721,"y":0.9923787117004395,"z":-0.12148182094097138,"w":0.021454105153679849},"size":7.752696514129639,"orthographic":false}